SET NAMES 'utf8';

INSERT INTO `sys_config` (`config_id`, `config_name`, `config_key`, `config_value`, `config_type`, `create_by`, `create_time`, `update_by`,
                          `update_time`, `remark`)
VALUES (1, '主框架页-默认皮肤样式名称', 'sys.index.skinName', 'skin-blue', 'Y', 'admin', '2021-06-18 21:56:09', '', NULL,
        '蓝色 skin-blue、绿色 skin-green、紫色 skin-purple、红色 skin-red、黄色 skin-yellow'),
       (2, '用户管理-账号初始密码', 'sys.user.initPassword', '123456', 'Y', 'admin', '2021-06-18 21:56:09', '', NULL, '初始化密码 123456'),
       (3, '主框架页-侧边栏主题', 'sys.index.sideTheme', 'theme-dark', 'Y', 'admin', '2021-06-18 21:56:09', '', NULL, '深色主题theme-dark，浅色主题theme-light');


INSERT INTO `sys_dept` (`dept_id`, `parent_id`, `ancestors`, `dept_name`, `order_num`, `leader`, `phone`, `email`, `status`, `del_flag`, `create_by`,
                        `create_time`, `update_by`, `update_time`)
VALUES (100, 0, '0', 'XX科技', 0, '演示', '15888888888', 'xautlx@hotmail.com', '0', '0', 'admin', '2021-06-18 21:56:08', '', NULL),
       (101, 100, '0,100', '深圳总公司', 1, '演示', '15888888888', 'xautlx@hotmail.com', '0', '0', 'admin', '2021-06-18 21:56:08', '', NULL),
       (102, 100, '0,100', '长沙分公司', 2, '演示', '15888888888', 'xautlx@hotmail.com', '0', '0', 'admin', '2021-06-18 21:56:08', '', NULL),
       (103, 101, '0,100,101', '研发部门', 1, '演示', '15888888888', 'xautlx@hotmail.com', '0', '0', 'admin', '2021-06-18 21:56:08', '', NULL),
       (104, 101, '0,100,101', '市场部门', 2, '演示', '15888888888', 'xautlx@hotmail.com', '0', '0', 'admin', '2021-06-18 21:56:08', '', NULL),
       (105, 101, '0,100,101', '测试部门', 3, '演示', '15888888888', 'xautlx@hotmail.com', '0', '0', 'admin', '2021-06-18 21:56:08', '', NULL),
       (106, 101, '0,100,101', '财务部门', 4, '演示', '15888888888', 'xautlx@hotmail.com', '0', '0', 'admin', '2021-06-18 21:56:08', '', NULL),
       (107, 101, '0,100,101', '运维部门', 5, '演示', '15888888888', 'xautlx@hotmail.com', '0', '0', 'admin', '2021-06-18 21:56:08', '', NULL),
       (108, 102, '0,100,102', '市场部门', 1, '演示', '15888888888', 'xautlx@hotmail.com', '0', '0', 'admin', '2021-06-18 21:56:08', '', NULL),
       (109, 102, '0,100,102', '财务部门', 2, '演示', '15888888888', 'xautlx@hotmail.com', '0', '0', 'admin', '2021-06-18 21:56:08', '', NULL);

INSERT INTO `sys_dict_type` (`dict_id`, `dict_name`, `dict_type`, `status`, `create_by`, `create_time`, `update_by`, `update_time`, `remark`)
VALUES (1, '用户性别', 'sys_user_sex', '0', 'admin', '2021-06-18 21:56:09', '', NULL, '用户性别列表'),
       (2, '菜单状态', 'sys_show_hide', '0', 'admin', '2021-06-18 21:56:09', '', NULL, '菜单状态列表'),
       (3, '系统开关', 'sys_normal_disable', '0', 'admin', '2021-06-18 21:56:09', '', NULL, '系统开关列表'),
       (4, '任务状态', 'sys_job_status', '0', 'admin', '2021-06-18 21:56:09', '', NULL, '任务状态列表'),
       (5, '任务分组', 'sys_job_group', '0', 'admin', '2021-06-18 21:56:09', '', NULL, '任务分组列表'),
       (6, '系统是否', 'sys_yes_no', '0', 'admin', '2021-06-18 21:56:09', '', NULL, '系统是否列表'),
       (7, '通知类型', 'sys_notice_type', '0', 'admin', '2021-06-18 21:56:09', '', NULL, '通知类型列表'),
       (8, '通知状态', 'sys_notice_status', '0', 'admin', '2021-06-18 21:56:09', '', NULL, '通知状态列表'),
       (9, '操作类型', 'sys_oper_type', '0', 'admin', '2021-06-18 21:56:09', '', NULL, '操作类型列表'),
       (10, '系统状态', 'sys_common_status', '0', 'admin', '2021-06-18 21:56:09', '', NULL, '登录状态列表');

INSERT INTO `sys_dict_data` (`dict_code`, `dict_sort`, `dict_label`, `dict_value`, `dict_type`, `css_class`, `list_class`, `is_default`, `status`,
                             `create_by`, `create_time`, `update_by`, `update_time`, `remark`)
VALUES (1, 1, '男', '0', 'sys_user_sex', '', '', 'Y', '0', 'admin', '2021-06-18 21:56:09', '', NULL, '性别男'),
       (2, 2, '女', '1', 'sys_user_sex', '', '', 'N', '0', 'admin', '2021-06-18 21:56:09', '', NULL, '性别女'),
       (3, 3, '未知', '2', 'sys_user_sex', '', '', 'N', '0', 'admin', '2021-06-18 21:56:09', '', NULL, '性别未知'),
       (4, 1, '显示', '0', 'sys_show_hide', '', 'primary', 'Y', '0', 'admin', '2021-06-18 21:56:09', '', NULL, '显示菜单'),
       (5, 2, '隐藏', '1', 'sys_show_hide', '', 'danger', 'N', '0', 'admin', '2021-06-18 21:56:09', '', NULL, '隐藏菜单'),
       (6, 1, '正常', '0', 'sys_normal_disable', '', 'primary', 'Y', '0', 'admin', '2021-06-18 21:56:09', '', NULL, '正常状态'),
       (7, 2, '停用', '1', 'sys_normal_disable', '', 'danger', 'N', '0', 'admin', '2021-06-18 21:56:09', '', NULL, '停用状态'),
       (8, 1, '正常', '0', 'sys_job_status', '', 'primary', 'Y', '0', 'admin', '2021-06-18 21:56:09', '', NULL, '正常状态'),
       (9, 2, '暂停', '1', 'sys_job_status', '', 'danger', 'N', '0', 'admin', '2021-06-18 21:56:09', '', NULL, '停用状态'),
       (10, 1, '默认', 'DEFAULT', 'sys_job_group', '', '', 'Y', '0', 'admin', '2021-06-18 21:56:09', '', NULL, '默认分组'),
       (11, 2, '系统', 'SYSTEM', 'sys_job_group', '', '', 'N', '0', 'admin', '2021-06-18 21:56:09', '', NULL, '系统分组'),
       (12, 1, '是', 'Y', 'sys_yes_no', '', 'primary', 'Y', '0', 'admin', '2021-06-18 21:56:09', '', NULL, '系统默认是'),
       (13, 2, '否', 'N', 'sys_yes_no', '', 'danger', 'N', '0', 'admin', '2021-06-18 21:56:09', '', NULL, '系统默认否'),
       (14, 1, '通知', '1', 'sys_notice_type', '', 'warning', 'Y', '0', 'admin', '2021-06-18 21:56:09', '', NULL, '通知'),
       (15, 2, '公告', '2', 'sys_notice_type', '', 'success', 'N', '0', 'admin', '2021-06-18 21:56:09', '', NULL, '公告'),
       (16, 1, '正常', '0', 'sys_notice_status', '', 'primary', 'Y', '0', 'admin', '2021-06-18 21:56:09', '', NULL, '正常状态'),
       (17, 2, '关闭', '1', 'sys_notice_status', '', 'danger', 'N', '0', 'admin', '2021-06-18 21:56:09', '', NULL, '关闭状态'),
       (18, 1, '新增', '1', 'sys_oper_type', '', 'info', 'N', '0', 'admin', '2021-06-18 21:56:09', '', NULL, '新增操作'),
       (19, 2, '修改', '2', 'sys_oper_type', '', 'info', 'N', '0', 'admin', '2021-06-18 21:56:09', '', NULL, '修改操作'),
       (20, 3, '删除', '3', 'sys_oper_type', '', 'danger', 'N', '0', 'admin', '2021-06-18 21:56:09', '', NULL, '删除操作'),
       (21, 4, '授权', '4', 'sys_oper_type', '', 'primary', 'N', '0', 'admin', '2021-06-18 21:56:09', '', NULL, '授权操作'),
       (22, 5, '导出', '5', 'sys_oper_type', '', 'warning', 'N', '0', 'admin', '2021-06-18 21:56:09', '', NULL, '导出操作'),
       (23, 6, '导入', '6', 'sys_oper_type', '', 'warning', 'N', '0', 'admin', '2021-06-18 21:56:09', '', NULL, '导入操作'),
       (24, 7, '强退', '7', 'sys_oper_type', '', 'danger', 'N', '0', 'admin', '2021-06-18 21:56:09', '', NULL, '强退操作'),
       (25, 8, '生成代码', '8', 'sys_oper_type', '', 'warning', 'N', '0', 'admin', '2021-06-18 21:56:09', '', NULL, '生成操作'),
       (26, 9, '清空数据', '9', 'sys_oper_type', '', 'danger', 'N', '0', 'admin', '2021-06-18 21:56:09', '', NULL, '清空操作'),
       (27, 1, '成功', '0', 'sys_common_status', '', 'primary', 'N', '0', 'admin', '2021-06-18 21:56:09', '', NULL, '正常状态'),
       (28, 2, '失败', '1', 'sys_common_status', '', 'danger', 'N', '0', 'admin', '2021-06-18 21:56:09', '', NULL, '停用状态');


INSERT INTO `sys_menu` (`menu_id`, `menu_name`, `parent_id`, `order_num`, `path`, `component`, `is_frame`, `is_cache`, `menu_type`, `visible`,
                        `status`, `perms`, `icon`, `create_by`, `create_time`, `update_by`, `update_time`, `remark`)
VALUES (1, '系统管理', 0, 1, 'system', NULL, 1, 0, 'M', '0', '0', '', 'system', 'admin', '2021-06-18 21:56:08', '', NULL, '系统管理目录'),
       (2, '系统监控', 0, 2, 'monitor', NULL, 1, 0, 'M', '0', '0', '', 'monitor', 'admin', '2021-06-18 21:56:08', '', NULL, '系统监控目录'),
       (3, '开发工具', 0, 3, 'tool', NULL, 1, 0, 'M', '0', '0', '', 'tool', 'admin', '2021-06-18 21:56:08', '1:admin', NULL, '系统工具目录'),
       (100, '用户管理', 1, 1, 'user', 'system/user/index', 1, 0, 'C', '0', '0', 'system:user:list', 'user', 'admin', '2021-06-18 21:56:08', '', NULL,
        '用户管理菜单'),
       (101, '角色管理', 1, 2, 'role', 'system/role/index', 1, 0, 'C', '0', '0', 'system:role:list', 'peoples', 'admin', '2021-06-18 21:56:08', '', NULL,
        '角色管理菜单'),
       (102, '菜单管理', 1, 3, 'menu', 'system/menu/index', 1, 0, 'C', '0', '0', 'system:menu:list', 'tree-table', 'admin', '2021-06-18 21:56:08', '',
        NULL, '菜单管理菜单'),
       (103, '部门管理', 1, 4, 'dept', 'system/dept/index', 1, 0, 'C', '0', '0', 'system:dept:list', 'tree', 'admin', '2021-06-18 21:56:08', '', NULL,
        '部门管理菜单'),
       (104, '岗位管理', 1, 5, 'post', 'system/post/index', 1, 0, 'C', '0', '0', 'system:post:list', 'post', 'admin', '2021-06-18 21:56:08', '', NULL,
        '岗位管理菜单'),
       (105, '字典管理', 1, 6, 'dict', 'system/dict/index', 1, 0, 'C', '0', '0', 'system:dict:list', 'dict', 'admin', '2021-06-18 21:56:08', '', NULL,
        '字典管理菜单'),
       (106, '参数设置', 1, 7, 'config', 'system/config/index', 1, 0, 'C', '0', '0', 'system:config:list', 'edit', 'admin', '2021-06-18 21:56:08', '',
        NULL, '参数设置菜单'),
       (107, '通知公告', 1, 9, 'notice', 'system/notice/index', 1, 0, 'C', '0', '0', 'system:notice:list', 'message', 'admin', '2021-06-18 21:56:08', '',
        NULL, '通知公告菜单'),
       (109, '在线用户', 2, 1, 'online', 'monitor/online/index', 1, 0, 'C', '0', '0', 'monitor:online:list', 'online', 'admin', '2021-06-18 21:56:08', '',
        NULL, '在线用户菜单'),
       (110, '定时任务', 2, 2, 'job', 'monitor/job/index', 1, 0, 'C', '0', '0', 'monitor:job:list', 'job', 'admin', '2021-06-18 21:56:08', '', NULL,
        '定时任务菜单'),
       (114, '表单构建', 3, 1, 'build', 'tool/build/index', 1, 0, 'C', '0', '0', 'tool:build:list', 'build', 'admin', '2021-06-18 21:56:08', '', NULL,
        '表单构建菜单'),
       (115, '代码生成', 3, 2, 'gen', 'tool/gen/index', 1, 0, 'C', '0', '0', 'tool:gen:list', 'code', 'admin', '2021-06-18 21:56:08', '', NULL, '代码生成菜单'),
       (116, 'Swagger文档', 3, 3, '/swagger-ui.html', '', 0, 0, 'C', '0', '0', 'tool:swagger:list', 'swagger', 'admin',
        '2021-06-18 21:56:08', '1:admin', NULL, '系统接口菜单'),
       (117, 'Knife4j文档', 3, 10, '/doc.html', NULL, 0, 0, 'C', '0', '0', 'tool:knife4j:list', 'form', '1:admin', NULL,
        '1:admin', NULL, ''),
       (500, '操作日志', 2, 1, 'operlog', 'system/operlog/index', 1, 0, 'C', '0', '0', 'system:operlog:list', 'form', 'admin', '2021-06-18 21:56:08',
        '1:admin', NULL, '操作日志菜单'),
       (501, '登录日志', 2, 2, 'logininfor', 'system/logininfor/index', 1, 0, 'C', '0', '0', 'system:logininfor:list', 'logininfor', 'admin',
        '2021-06-18 21:56:08', '1:admin', NULL, '登录日志菜单'),
       (502, '运维监控', 2, 2, 'ops', 'system/ops/index', 1, 0, 'C', '0', '0', 'system:ops:list', 'druid', 'admin',
        '2021-06-18 21:56:08', '1:admin', NULL, '运维监控菜单'),
       (1001, '用户查询', 100, 1, '', '', 1, 0, 'F', '0', '0', 'system:user:query', '#', 'admin', '2021-06-18 21:56:08', '', NULL, ''),
       (1002, '用户新增', 100, 2, '', '', 1, 0, 'F', '0', '0', 'system:user:add', '#', 'admin', '2021-06-18 21:56:08', '', NULL, ''),
       (1003, '用户修改', 100, 3, '', '', 1, 0, 'F', '0', '0', 'system:user:edit', '#', 'admin', '2021-06-18 21:56:08', '', NULL, ''),
       (1004, '用户删除', 100, 4, '', '', 1, 0, 'F', '0', '0', 'system:user:remove', '#', 'admin', '2021-06-18 21:56:08', '', NULL, ''),
       (1005, '用户导出', 100, 5, '', '', 1, 0, 'F', '0', '0', 'system:user:export', '#', 'admin', '2021-06-18 21:56:08', '', NULL, ''),
       (1006, '用户导入', 100, 6, '', '', 1, 0, 'F', '0', '0', 'system:user:import', '#', 'admin', '2021-06-18 21:56:08', '', NULL, ''),
       (1007, '重置密码', 100, 7, '', '', 1, 0, 'F', '0', '0', 'system:user:resetPwd', '#', 'admin', '2021-06-18 21:56:08', '', NULL, ''),
       (1008, '角色查询', 101, 1, '', '', 1, 0, 'F', '0', '0', 'system:role:query', '#', 'admin', '2021-06-18 21:56:08', '', NULL, ''),
       (1009, '角色新增', 101, 2, '', '', 1, 0, 'F', '0', '0', 'system:role:add', '#', 'admin', '2021-06-18 21:56:08', '', NULL, ''),
       (1010, '角色修改', 101, 3, '', '', 1, 0, 'F', '0', '0', 'system:role:edit', '#', 'admin', '2021-06-18 21:56:08', '', NULL, ''),
       (1011, '角色删除', 101, 4, '', '', 1, 0, 'F', '0', '0', 'system:role:remove', '#', 'admin', '2021-06-18 21:56:08', '', NULL, ''),
       (1012, '角色导出', 101, 5, '', '', 1, 0, 'F', '0', '0', 'system:role:export', '#', 'admin', '2021-06-18 21:56:08', '', NULL, ''),
       (1013, '菜单查询', 102, 1, '', '', 1, 0, 'F', '0', '0', 'system:menu:query', '#', 'admin', '2021-06-18 21:56:08', '', NULL, ''),
       (1014, '菜单新增', 102, 2, '', '', 1, 0, 'F', '0', '0', 'system:menu:add', '#', 'admin', '2021-06-18 21:56:08', '', NULL, ''),
       (1015, '菜单修改', 102, 3, '', '', 1, 0, 'F', '0', '0', 'system:menu:edit', '#', 'admin', '2021-06-18 21:56:08', '', NULL, ''),
       (1016, '菜单删除', 102, 4, '', '', 1, 0, 'F', '0', '0', 'system:menu:remove', '#', 'admin', '2021-06-18 21:56:08', '', NULL, ''),
       (1017, '部门查询', 103, 1, '', '', 1, 0, 'F', '0', '0', 'system:dept:query', '#', 'admin', '2021-06-18 21:56:08', '', NULL, ''),
       (1018, '部门新增', 103, 2, '', '', 1, 0, 'F', '0', '0', 'system:dept:add', '#', 'admin', '2021-06-18 21:56:08', '', NULL, ''),
       (1019, '部门修改', 103, 3, '', '', 1, 0, 'F', '0', '0', 'system:dept:edit', '#', 'admin', '2021-06-18 21:56:08', '', NULL, ''),
       (1020, '部门删除', 103, 4, '', '', 1, 0, 'F', '0', '0', 'system:dept:remove', '#', 'admin', '2021-06-18 21:56:08', '', NULL, ''),
       (1021, '岗位查询', 104, 1, '', '', 1, 0, 'F', '0', '0', 'system:post:query', '#', 'admin', '2021-06-18 21:56:08', '', NULL, ''),
       (1022, '岗位新增', 104, 2, '', '', 1, 0, 'F', '0', '0', 'system:post:add', '#', 'admin', '2021-06-18 21:56:08', '', NULL, ''),
       (1023, '岗位修改', 104, 3, '', '', 1, 0, 'F', '0', '0', 'system:post:edit', '#', 'admin', '2021-06-18 21:56:08', '', NULL, ''),
       (1024, '岗位删除', 104, 4, '', '', 1, 0, 'F', '0', '0', 'system:post:remove', '#', 'admin', '2021-06-18 21:56:08', '', NULL, ''),
       (1025, '岗位导出', 104, 5, '', '', 1, 0, 'F', '0', '0', 'system:post:export', '#', 'admin', '2021-06-18 21:56:08', '', NULL, ''),
       (1026, '字典查询', 105, 1, '#', '', 1, 0, 'F', '0', '0', 'system:dict:query', '#', 'admin', '2021-06-18 21:56:08', '', NULL, ''),
       (1027, '字典新增', 105, 2, '#', '', 1, 0, 'F', '0', '0', 'system:dict:add', '#', 'admin', '2021-06-18 21:56:08', '', NULL, ''),
       (1028, '字典修改', 105, 3, '#', '', 1, 0, 'F', '0', '0', 'system:dict:edit', '#', 'admin', '2021-06-18 21:56:08', '', NULL, ''),
       (1029, '字典删除', 105, 4, '#', '', 1, 0, 'F', '0', '0', 'system:dict:remove', '#', 'admin', '2021-06-18 21:56:08', '', NULL, ''),
       (1030, '字典导出', 105, 5, '#', '', 1, 0, 'F', '0', '0', 'system:dict:export', '#', 'admin', '2021-06-18 21:56:08', '', NULL, ''),
       (1031, '参数查询', 106, 1, '#', '', 1, 0, 'F', '0', '0', 'system:config:query', '#', 'admin', '2021-06-18 21:56:08', '', NULL, ''),
       (1032, '参数新增', 106, 2, '#', '', 1, 0, 'F', '0', '0', 'system:config:add', '#', 'admin', '2021-06-18 21:56:08', '', NULL, ''),
       (1033, '参数修改', 106, 3, '#', '', 1, 0, 'F', '0', '0', 'system:config:edit', '#', 'admin', '2021-06-18 21:56:08', '', NULL, ''),
       (1034, '参数删除', 106, 4, '#', '', 1, 0, 'F', '0', '0', 'system:config:remove', '#', 'admin', '2021-06-18 21:56:08', '', NULL, ''),
       (1035, '参数导出', 106, 5, '#', '', 1, 0, 'F', '0', '0', 'system:config:export', '#', 'admin', '2021-06-18 21:56:08', '', NULL, ''),
       (1041, '公告查询', 107, 1, '#', '', 1, 0, 'F', '0', '0', 'system:notice:query', '#', 'admin', '2021-06-18 21:56:08', '', NULL, ''),
       (1042, '公告新增', 107, 2, '#', '', 1, 0, 'F', '0', '0', 'system:notice:add', '#', 'admin', '2021-06-18 21:56:08', '', NULL, ''),
       (1043, '公告修改', 107, 3, '#', '', 1, 0, 'F', '0', '0', 'system:notice:edit', '#', 'admin', '2021-06-18 21:56:08', '', NULL, ''),
       (1044, '公告删除', 107, 4, '#', '', 1, 0, 'F', '0', '0', 'system:notice:remove', '#', 'admin', '2021-06-18 21:56:08', '', NULL, ''),
       (1045, '操作查询', 500, 1, '#', '', 1, 0, 'F', '0', '0', 'system:operlog:query', '#', 'admin', '2021-06-18 21:56:08', '', NULL, ''),
       (1046, '操作删除', 500, 2, '#', '', 1, 0, 'F', '0', '0', 'system:operlog:remove', '#', 'admin', '2021-06-18 21:56:08', '', NULL, ''),
       (1047, '日志导出', 500, 4, '#', '', 1, 0, 'F', '0', '0', 'system:operlog:export', '#', 'admin', '2021-06-18 21:56:08', '', NULL, ''),
       (1048, '登录查询', 501, 1, '#', '', 1, 0, 'F', '0', '0', 'system:logininfor:query', '#', 'admin', '2021-06-18 21:56:08', '', NULL, ''),
       (1049, '登录删除', 501, 2, '#', '', 1, 0, 'F', '0', '0', 'system:logininfor:remove', '#', 'admin', '2021-06-18 21:56:08', '', NULL, ''),
       (1050, '日志导出', 501, 3, '#', '', 1, 0, 'F', '0', '0', 'system:logininfor:export', '#', 'admin', '2021-06-18 21:56:08', '', NULL, ''),
       (1051, '在线查询', 109, 1, '#', '', 1, 0, 'F', '0', '0', 'monitor:online:query', '#', 'admin', '2021-06-18 21:56:08', '', NULL, ''),
       (1052, '批量强退', 109, 2, '#', '', 1, 0, 'F', '0', '0', 'monitor:online:batchLogout', '#', 'admin', '2021-06-18 21:56:08', '', NULL, ''),
       (1053, '单条强退', 109, 3, '#', '', 1, 0, 'F', '0', '0', 'monitor:online:forceLogout', '#', 'admin', '2021-06-18 21:56:08', '', NULL, ''),
       (1054, '任务查询', 110, 1, '#', '', 1, 0, 'F', '0', '0', 'monitor:job:query', '#', 'admin', '2021-06-18 21:56:08', '', NULL, ''),
       (1055, '任务新增', 110, 2, '#', '', 1, 0, 'F', '0', '0', 'monitor:job:add', '#', 'admin', '2021-06-18 21:56:08', '', NULL, ''),
       (1056, '任务修改', 110, 3, '#', '', 1, 0, 'F', '0', '0', 'monitor:job:edit', '#', 'admin', '2021-06-18 21:56:08', '', NULL, ''),
       (1057, '任务删除', 110, 4, '#', '', 1, 0, 'F', '0', '0', 'monitor:job:remove', '#', 'admin', '2021-06-18 21:56:08', '', NULL, ''),
       (1058, '状态修改', 110, 5, '#', '', 1, 0, 'F', '0', '0', 'monitor:job:changeStatus', '#', 'admin', '2021-06-18 21:56:08', '', NULL, ''),
       (1059, '任务导出', 110, 7, '#', '', 1, 0, 'F', '0', '0', 'monitor:job:export', '#', 'admin', '2021-06-18 21:56:08', '', NULL, ''),
       (1060, '生成查询', 115, 1, '#', '', 1, 0, 'F', '0', '0', 'tool:gen:query', '#', 'admin', '2021-06-18 21:56:08', '', NULL, ''),
       (1061, '生成修改', 115, 2, '#', '', 1, 0, 'F', '0', '0', 'tool:gen:edit', '#', 'admin', '2021-06-18 21:56:08', '', NULL, ''),
       (1062, '生成删除', 115, 3, '#', '', 1, 0, 'F', '0', '0', 'tool:gen:remove', '#', 'admin', '2021-06-18 21:56:08', '', NULL, ''),
       (1063, '导入代码', 115, 2, '#', '', 1, 0, 'F', '0', '0', 'tool:gen:import', '#', 'admin', '2021-06-18 21:56:08', '', NULL, ''),
       (1064, '预览代码', 115, 4, '#', '', 1, 0, 'F', '0', '0', 'tool:gen:preview', '#', 'admin', '2021-06-18 21:56:08', '', NULL, ''),
       (1065, '生成代码', 115, 5, '#', '', 1, 0, 'F', '0', '0', 'tool:gen:code', '#', 'admin', '2021-06-18 21:56:08', '', NULL, '');

INSERT INTO `sys_notice` (`notice_id`, `notice_title`, `notice_type`, `notice_content`, `status`, `create_by`, `create_time`, `update_by`,
                          `update_time`, `remark`)
VALUES (1, '温馨提醒：2018-07-01 新版本发布啦', '2', '新版本内容', '0', 'admin', '2021-06-18 21:56:09', '', NULL, '管理员'),
       (2, '维护通知：2018-07-01 系统凌晨维护', '1', '维护内容', '0', 'admin', '2021-06-18 21:56:09', '', NULL, '管理员');


INSERT INTO `sys_post` (`post_id`, `post_code`, `post_name`, `post_sort`, `status`, `create_by`, `create_time`, `update_by`, `update_time`, `remark`)
VALUES (1, 'ceo', '董事长', 1, '0', 'admin', '2021-06-18 21:56:08', '', NULL, ''),
       (2, 'se', '项目经理', 2, '0', 'admin', '2021-06-18 21:56:08', '', NULL, ''),
       (3, 'hr', '人力资源', 3, '0', 'admin', '2021-06-18 21:56:08', '', NULL, ''),
       (4, 'user', '普通员工', 4, '0', 'admin', '2021-06-18 21:56:08', '', NULL, '');


INSERT INTO `sys_role` (`role_id`, `role_name`, `role_key`, `role_sort`, `data_scope`, `menu_check_strictly`, `dept_check_strictly`, `status`,
                        `del_flag`, `create_by`, `create_time`, `update_by`, `update_time`, `remark`)
VALUES (1, '超级管理员', 'admin', 1, '1', 1, 1, '0', '0', 'admin', '2021-06-18 21:56:08', '', NULL, '超级管理员'),
       (2, '普通角色', 'common', 2, '2', 1, 1, '0', '0', 'admin', '2021-06-18 21:56:08', '1:admin', NULL, '普通角色');



INSERT INTO `sys_role_dept` (`role_id`, `dept_id`)
VALUES (2, 100),
       (2, 101),
       (2, 105);

INSERT INTO `sys_role_menu` (`role_id`, `menu_id`)
VALUES (2, 1),
       (2, 2),
       (2, 3),
       (2, 100),
       (2, 101),
       (2, 102),
       (2, 103),
       (2, 104),
       (2, 105),
       (2, 106),
       (2, 107),
       (2, 109),
       (2, 110),
       (2, 112),
       (2, 113),
       (2, 114),
       (2, 115),
       (2, 116),
       (2, 500),
       (2, 501),
       (2, 1001),
       (2, 1002),
       (2, 1003),
       (2, 1004),
       (2, 1005),
       (2, 1006),
       (2, 1007),
       (2, 1008),
       (2, 1009),
       (2, 1010),
       (2, 1011),
       (2, 1012),
       (2, 1013),
       (2, 1014),
       (2, 1015),
       (2, 1016),
       (2, 1017),
       (2, 1018),
       (2, 1019),
       (2, 1020),
       (2, 1021),
       (2, 1022),
       (2, 1023),
       (2, 1024),
       (2, 1025),
       (2, 1026),
       (2, 1027),
       (2, 1028),
       (2, 1029),
       (2, 1030),
       (2, 1031),
       (2, 1032),
       (2, 1033),
       (2, 1034),
       (2, 1035),
       (2, 1041),
       (2, 1042),
       (2, 1043),
       (2, 1044),
       (2, 1045),
       (2, 1046),
       (2, 1047),
       (2, 1048),
       (2, 1049),
       (2, 1050),
       (2, 1051),
       (2, 1052),
       (2, 1053),
       (2, 1054),
       (2, 1055),
       (2, 1056),
       (2, 1057),
       (2, 1058),
       (2, 1059),
       (2, 1060),
       (2, 1061),
       (2, 1062),
       (2, 1063),
       (2, 1064),
       (2, 1065),
       (2, 2000);


-- 默认密码123456，生产环境切记修改复杂密码
INSERT INTO `sys_user` (`user_id`, `dept_id`, `user_name`, `nick_name`, `user_type`, `email`, `phonenumber`, `sex`, `avatar`, `password`, `status`,
                        `del_flag`, `login_ip`, `login_date`, `create_by`, `create_time`, `update_by`, `update_time`, `remark`)
VALUES (1, 103, 'admin', '超级管理员', '00', 'xautlx@hotmail.com', '15888888888', '1', '', '$2a$10$X0p1uvsne0xm0shwjBh3KO7F3RawwknU003x8uLM5TyQQgG.XM6qO',
        '0', '0', '127.0.0.1', '2021-06-18 21:56:08', 'admin', '2021-06-18 21:56:08', '', NULL, '管理员'),
       (2, 105, 'test', '测试账号', '00', '21147323@qq.com', '15666666666', '1', '', '$2a$10$X0p1uvsne0xm0shwjBh3KO7F3RawwknU003x8uLM5TyQQgG.XM6qO', '0',
        '0', '127.0.0.1', '2021-06-18 21:56:08', 'admin', '2021-06-18 21:56:08', '', NULL, '测试员');


INSERT INTO `sys_user_post` (`user_id`, `post_id`)
VALUES (1, 1),
       (2, 2);


INSERT INTO `sys_user_role` (`user_id`, `role_id`)
VALUES (1, 1),
       (2, 2);
